"id","title","description","availability","inventory","condition","price","link","image_link","additional_image_link","brand","mpn","color","product_type","custom_label_0","custom_label_1","custom_label_2"
"A098","Volkswagen Nivus 1.0 TSI 2021","Volkswagen Nivus 1.0 TSI 2021 usado en Lomas del Mirador. 50.000 km. Consultá precio, financiación con cuotas fijas y permuta en LMP Autos. Av. Mosconi 799.","in stock","1","used","34200000 ARS","https://lmpautos.com/vehiculos/volkswagen-nivus-1-0-tsi-2021/","https://lmpautos.com/img/meta/A098.jpg?v=41e5de7e84af","https://lmpautos.com/img/meta/A098-1.jpg?v=41e5de7e84af,https://lmpautos.com/img/meta/A098-2.jpg?v=41e5de7e84af,https://lmpautos.com/img/meta/A098-3.jpg?v=41e5de7e84af","Volkswagen","A098","Blanco","Vehículos > Autos usados","Disponible","Nafta","2021"
"A075","Chevrolet Onix 1.4 Plus Joy 2020","Chevrolet Onix 1.4 Plus Joy 2020 usado en Lomas del Mirador. 90.000 km. Consultá precio, financiación con cuotas fijas y permuta en LMP Autos. Av. Mosconi 799.","in stock","1","used","19400000 ARS","https://lmpautos.com/vehiculos/chevrolet-onix-1-4-plus-joy-2020/","https://lmpautos.com/img/meta/A075.jpg?v=41e5de7e84af","https://lmpautos.com/img/meta/A075-1.jpg?v=41e5de7e84af,https://lmpautos.com/img/meta/A075-2.jpg?v=41e5de7e84af,https://lmpautos.com/img/meta/A075-3.jpg?v=41e5de7e84af","Chevrolet","A075","Blanco","Vehículos > Autos usados","Disponible","Nafta","2020"
"A129","Citroen Jumper 435 HDI 2019","Citroen Jumper 435 HDI 2019 usado en Lomas del Mirador. 30.000 km. Consultá precio, financiación con cuotas fijas y permuta en LMP Autos. Av. Mosconi 799.","in stock","1","used","54300000 ARS","https://lmpautos.com/vehiculos/citroen-jumper-435-hdi-2019/","https://lmpautos.com/img/meta/A129.jpg?v=41e5de7e84af","https://lmpautos.com/img/meta/A129-1.jpg?v=41e5de7e84af,https://lmpautos.com/img/meta/A129-2.jpg?v=41e5de7e84af,https://lmpautos.com/img/meta/A129-3.jpg?v=41e5de7e84af","Citroen","A129","Blanco","Vehículos > Autos usados","Disponible","Diesel","2019"
"A128","Fiat Abarth 595 1.4 Turbo Gran Turismo 2018","Fiat Abarth 595 1.4 Turbo Gran Turismo 2018 usado en Lomas del Mirador. 40.000 km. Consultá precio, financiación con cuotas fijas y permuta en LMP Autos. Av. Mosconi 799.","in stock","1","used","39600000 ARS","https://lmpautos.com/vehiculos/fiat-abarth-595-1-4-turbo-gran-turismo-2018/","https://lmpautos.com/img/meta/A128.jpg?v=41e5de7e84af","","Fiat","A128","Rojo","Vehículos > Autos usados","Disponible","Nafta","2018"
"A132","Chevrolet Onix 1.4 LT 2017","Chevrolet Onix 1.4 LT 2017 usado en Lomas del Mirador. 80.000 km. Consultá precio, financiación con cuotas fijas y permuta en LMP Autos. Av. Mosconi 799.","in stock","1","used","15100000 ARS","https://lmpautos.com/vehiculos/chevrolet-onix-1-4-lt-2017/","https://lmpautos.com/img/meta/A132.jpg?v=41e5de7e84af","https://lmpautos.com/img/meta/A132-1.jpg?v=41e5de7e84af,https://lmpautos.com/img/meta/A132-3.jpg?v=41e5de7e84af","Chevrolet","A132","Gris","Vehículos > Autos usados","Disponible","Nafta","2017"
"A125","Renault Sandero 1.6 Authentique 2017","Renault Sandero 1.6 Authentique 2017 usado en Lomas del Mirador. 85.000 km. Consultá precio, financiación con cuotas fijas y permuta en LMP Autos. Av. Mosconi 799.","in stock","1","used","15600000 ARS","https://lmpautos.com/vehiculos/renault-sandero-1-6-authentique-2017/","https://lmpautos.com/img/meta/A125.jpg?v=41e5de7e84af","https://lmpautos.com/img/meta/A125-1.jpg?v=41e5de7e84af,https://lmpautos.com/img/meta/A125-2.jpg?v=41e5de7e84af,https://lmpautos.com/img/meta/A125-3.jpg?v=41e5de7e84af","Renault","A125","Gris","Vehículos > Autos usados","Disponible","Nafta","2017"
"A122","Ford Ecosport 1.5 Freestyle 2017","Ford Ecosport 1.5 Freestyle 2017 usado en Lomas del Mirador. 70.000 km. Consultá precio, financiación con cuotas fijas y permuta en LMP Autos. Av. Mosconi 799.","in stock","1","used","19400000 ARS","https://lmpautos.com/vehiculos/ford-ecosport-1-5-freestyle-2017/","https://lmpautos.com/img/meta/A122.jpg?v=41e5de7e84af","https://lmpautos.com/img/meta/A122-1.jpg?v=41e5de7e84af,https://lmpautos.com/img/meta/A122-2.jpg?v=41e5de7e84af,https://lmpautos.com/img/meta/A122-3.jpg?v=41e5de7e84af","Ford","A122","Negro","Vehículos > Autos usados","Disponible","Nafta","2017"
"A097","Toyota Etios 1.5 XLS 2017","Toyota Etios 1.5 XLS 2017 usado en Lomas del Mirador. 119.000 km. Consultá precio, financiación con cuotas fijas y permuta en LMP Autos. Av. Mosconi 799.","in stock","1","used","17600000 ARS","https://lmpautos.com/vehiculos/toyota-etios-1-5-xls-2017/","https://lmpautos.com/img/meta/A097.jpg?v=41e5de7e84af","https://lmpautos.com/img/meta/A097-1.jpg?v=41e5de7e84af,https://lmpautos.com/img/meta/A097-2.jpg?v=41e5de7e84af,https://lmpautos.com/img/meta/A097-3.jpg?v=41e5de7e84af","Toyota","A097","Gris","Vehículos > Autos usados","Disponible","Nafta","2017"
"A042","Chevrolet Cruze 1.4 LT 2017","Chevrolet Cruze 1.4 LT 2017 usado en Lomas del Mirador. 80.000 km. Consultá precio, financiación con cuotas fijas y permuta en LMP Autos. Av. Mosconi 799.","in stock","1","used","21000000 ARS","https://lmpautos.com/vehiculos/chevrolet-cruze-1-4-lt-2017/","https://lmpautos.com/img/meta/A042.jpg?v=41e5de7e84af","https://lmpautos.com/img/meta/A042-1.jpg?v=41e5de7e84af,https://lmpautos.com/img/meta/A042-2.jpg?v=41e5de7e84af,https://lmpautos.com/img/meta/A042-3.jpg?v=41e5de7e84af","Chevrolet","A042","Negro","Vehículos > Autos usados","Disponible","Nafta","2017"
"A113","Renault Clio 1.2 Mio Dynamique 2016","Renault Clio 1.2 Mio Dynamique 2016 usado en Lomas del Mirador. 98.000 km. Consultá precio, financiación con cuotas fijas y permuta en LMP Autos. Av. Mosconi 799.","in stock","1","used","13200000 ARS","https://lmpautos.com/vehiculos/renault-clio-1-2-mio-dynamique-2016/","https://lmpautos.com/img/meta/A113.jpg?v=41e5de7e84af","https://lmpautos.com/img/meta/A113-1.jpg?v=41e5de7e84af,https://lmpautos.com/img/meta/A113-2.jpg?v=41e5de7e84af,https://lmpautos.com/img/meta/A113-3.jpg?v=41e5de7e84af","Renault","A113","Gris","Vehículos > Autos usados","Disponible","Nafta","2016"
"A090","Ford Focus 2.0 SE Plus 2016","Ford Focus 2.0 SE Plus 2016 usado en Lomas del Mirador. 91.000 km. Consultá precio, financiación con cuotas fijas y permuta en LMP Autos. Av. Mosconi 799.","in stock","1","used","21000000 ARS","https://lmpautos.com/vehiculos/ford-focus-2-0-se-plus-2016/","https://lmpautos.com/img/meta/A090.jpg?v=41e5de7e84af","https://lmpautos.com/img/meta/A090-1.jpg?v=41e5de7e84af,https://lmpautos.com/img/meta/A090-2.jpg?v=41e5de7e84af,https://lmpautos.com/img/meta/A090-3.jpg?v=41e5de7e84af","Ford","A090","Rojo","Vehículos > Autos usados","Disponible","Nafta","2016"
"A091","Chevrolet Tracker 1.8 LT 2015","Chevrolet Tracker 1.8 LT 2015 usado en Lomas del Mirador. 134.000 km. Consultá precio, financiación con cuotas fijas y permuta en LMP Autos. Av. Mosconi 799.","in stock","1","used","16300000 ARS","https://lmpautos.com/vehiculos/chevrolet-tracker-1-8-lt-2015/","https://lmpautos.com/img/meta/A091.jpg?v=41e5de7e84af","https://lmpautos.com/img/meta/A091-1.jpg?v=41e5de7e84af,https://lmpautos.com/img/meta/A091-2.jpg?v=41e5de7e84af,https://lmpautos.com/img/meta/A091-3.jpg?v=41e5de7e84af","Chevrolet","A091","Blanca","Vehículos > Autos usados","Disponible","Nafta","2015"
"A088","Peugeot 208 1.5 Active 2015","Peugeot 208 1.5 Active 2015 usado en Lomas del Mirador. 92.000 km. Consultá precio, financiación con cuotas fijas y permuta en LMP Autos. Av. Mosconi 799.","in stock","1","used","15000000 ARS","https://lmpautos.com/vehiculos/peugeot-208-1-5-active-2015/","https://lmpautos.com/img/meta/A088.jpg?v=41e5de7e84af","https://lmpautos.com/img/meta/A088-1.jpg?v=41e5de7e84af,https://lmpautos.com/img/meta/A088-2.jpg?v=41e5de7e84af,https://lmpautos.com/img/meta/A088-3.jpg?v=41e5de7e84af","Peugeot","A088","Gris","Vehículos > Autos usados","Disponible","Nafta","2015"
"A083","Volkswagen Amarok 2.0 Trendline 4x4 TDI 2015","Volkswagen Amarok 2.0 Trendline 4x4 TDI 2015 usado en Lomas del Mirador. 200.000 km. Consultá precio, financiación con cuotas fijas y permuta en LMP Autos. Av. Mosconi 799.","in stock","1","used","34200000 ARS","https://lmpautos.com/vehiculos/volkswagen-amarok-2-0-trendline-4x4-tdi-2015/","https://lmpautos.com/img/meta/A083.jpg?v=41e5de7e84af","https://lmpautos.com/img/meta/A083-1.jpg?v=41e5de7e84af,https://lmpautos.com/img/meta/A083-2.jpg?v=41e5de7e84af,https://lmpautos.com/img/meta/A083-3.jpg?v=41e5de7e84af","Volkswagen","A083","Blanca","Vehículos > Autos usados","Disponible","Diesel","2015"
"A131","Renault Clio 1.2 Confort Plus 2014","Renault Clio 1.2 Confort Plus 2014 usado en Lomas del Mirador. 116.000 km. Consultá precio, financiación con cuotas fijas y permuta en LMP Autos. Av. Mosconi 799.","in stock","1","used","13200000 ARS","https://lmpautos.com/vehiculos/renault-clio-1-2-confort-plus-2014/","https://lmpautos.com/img/meta/A131.jpg?v=41e5de7e84af","https://lmpautos.com/img/meta/A131-1.jpg?v=41e5de7e84af,https://lmpautos.com/img/meta/A131-2.jpg?v=41e5de7e84af,https://lmpautos.com/img/meta/A131-3.jpg?v=41e5de7e84af","Renault","A131","Blanco","Vehículos > Autos usados","Disponible","Nafta","2014"
"A082","Ford Ecosport 1.6 Titanium 2013","Ford Ecosport 1.6 Titanium 2013 usado en Lomas del Mirador. 123.000 km. Consultá precio, financiación con cuotas fijas y permuta en LMP Autos. Av. Mosconi 799.","in stock","1","used","14000000 ARS","https://lmpautos.com/vehiculos/ford-ecosport-1-6-titanium-2013/","https://lmpautos.com/img/meta/A082.jpg?v=41e5de7e84af","https://lmpautos.com/img/meta/A082-1.jpg?v=41e5de7e84af,https://lmpautos.com/img/meta/A082-2.jpg?v=41e5de7e84af,https://lmpautos.com/img/meta/A082-3.jpg?v=41e5de7e84af","Ford","A082","Azul","Vehículos > Autos usados","Disponible","Nafta","2013"
"A107","Volkswagen Vento 2.0 TSI Dsg Sportline 2012","Volkswagen Vento 2.0 TSI Dsg Sportline 2012 usado en Lomas del Mirador. 140.000 km. Consultá precio, financiación con cuotas fijas y permuta en LMP Autos. Av. Mosconi 799.","in stock","1","used","25600000 ARS","https://lmpautos.com/vehiculos/volkswagen-vento-2-0-tsi-dsg-sportline-2012/","https://lmpautos.com/img/meta/A107.jpg?v=41e5de7e84af","https://lmpautos.com/img/meta/A107-1.jpg?v=41e5de7e84af,https://lmpautos.com/img/meta/A107-2.jpg?v=41e5de7e84af,https://lmpautos.com/img/meta/A107-3.jpg?v=41e5de7e84af","Volkswagen","A107","Gris","Vehículos > Autos usados","Disponible","Nafta","2012"
"A124","Renault Clio 1.2 Pack Plus 2011","Renault Clio 1.2 Pack Plus 2011 usado en Lomas del Mirador. 149.000 km. Consultá precio, financiación con cuotas fijas y permuta en LMP Autos. Av. Mosconi 799.","in stock","1","used","9200000 ARS","https://lmpautos.com/vehiculos/renault-clio-1-2-pack-plus-2011/","https://lmpautos.com/img/meta/A124.jpg?v=41e5de7e84af","","Renault","A124","Gris","Vehículos > Autos usados","Disponible","Nafta","2011"
"A080","Renault Fluence 1.6 2011","Renault Fluence 1.6 2011 usado en Lomas del Mirador. 140.000 km. Consultá precio, financiación con cuotas fijas y permuta en LMP Autos. Av. Mosconi 799.","in stock","1","used","10700000 ARS","https://lmpautos.com/vehiculos/renault-fluence-1-6-2011/","https://lmpautos.com/img/meta/A080.jpg?v=41e5de7e84af","","Renault","A080","Beige","Vehículos > Autos usados","Disponible","Nafta & GNC","2011"
"A126","Kia Sorento 2.2 HDI 4x4 2010","Kia Sorento 2.2 HDI 4x4 2010 usado en Lomas del Mirador. 240.000 km. Consultá precio, financiación con cuotas fijas y permuta en LMP Autos. Av. Mosconi 799.","in stock","1","used","14900000 ARS","https://lmpautos.com/vehiculos/kia-sorento-2-2-hdi-4x4-2010/","https://lmpautos.com/img/meta/A126.jpg?v=41e5de7e84af","","Kia","A126","Negro","Vehículos > Autos usados","Disponible","Diesel","2010"
"A121","Renault Clio 1.2 3 Puertas Pack 2009","Renault Clio 1.2 3 Puertas Pack 2009 usado en Lomas del Mirador. 150.000 km. Consultá precio, financiación con cuotas fijas y permuta en LMP Autos. Av. Mosconi 799.","in stock","1","used","7800000 ARS","https://lmpautos.com/vehiculos/renault-clio-1-2-3-puertas-pack-2009/","https://lmpautos.com/img/meta/A121.jpg?v=41e5de7e84af","","Renault","A121","Azul","Vehículos > Autos usados","Disponible","Nafta","2009"
"A120","Peugeot 206 1.9 XTD 2006","Peugeot 206 1.9 XTD 2006 usado en Lomas del Mirador. 190.000 km. Consultá precio, financiación con cuotas fijas y permuta en LMP Autos. Av. Mosconi 799.","in stock","1","used","4500000 ARS","https://lmpautos.com/vehiculos/peugeot-206-1-9-xtd-2006/","https://lmpautos.com/img/meta/A120.jpg?v=41e5de7e84af","","Peugeot","A120","Rojo","Vehículos > Autos usados","Disponible","Diesel","2006"
"A105","Peugeot Partner 1.6 HDI Furgon 2020","Peugeot Partner 1.6 HDI Furgon 2020 usado en Lomas del Mirador. 107.000 km. Consultá precio, financiación con cuotas fijas y permuta en LMP Autos. Av. Mosconi 799.","out of stock","0","used","20200000 ARS","https://lmpautos.com/vehiculos/peugeot-partner-1-6-hdi-furgon-2020/","https://lmpautos.com/img/meta/A105.jpg?v=41e5de7e84af","https://lmpautos.com/img/meta/A105-1.jpg?v=41e5de7e84af,https://lmpautos.com/img/meta/A105-2.jpg?v=41e5de7e84af,https://lmpautos.com/img/meta/A105-3.jpg?v=41e5de7e84af","Peugeot","A105","Gris","Vehículos > Autos usados","Reservado","Diesel","2020"
"A130","Fiat Cronos 1.8 Precision 2019","Fiat Cronos 1.8 Precision 2019 usado en Lomas del Mirador. Consultá precio, financiación con cuotas fijas y permuta en LMP Autos. Av. Mosconi 799.","available for order","1","used","18700000 ARS","https://lmpautos.com/vehiculos/fiat-cronos-1-8-precision-2019/","https://lmpautos.com/img/meta/A130.jpg?v=41e5de7e84af","","Fiat","A130","Negro","Vehículos > Autos usados","Preparando","Nafta","2019"
